sub,motion,mean_thickness,residual,residual_z,outlier_type,cluster
sub-0226,0.8700306,2.341264705882353,-0.09411476016864295,-0.7316366325624861,normal,2.0
sub-0179,1.5906842,2.204558823529412,-0.15298564887176536,-1.1892917197085742,normal,1.0
sub-0235,0.44840035,2.5334558823529414,0.05253777217205924,0.4084222139590351,normal,0.0
sub-0319,0.50396025,2.5146176470588237,0.03970034567662717,0.3086256307763719,normal,0.0
sub-0335,0.35847932,2.368867647058824,-0.12176248398622258,-0.9465666553948794,normal,2.0
sub-0352,1.6011599,2.2409264705882355,-0.11548656218233733,-0.8977784070203172,normal,1.0
sub-0029,0.2831841,2.6626470588235294,0.16388458379163273,1.2740187065170323,normal,0.0
sub-0445,0.58427864,2.374073529411765,-0.09216889492046754,-0.7165097141594174,normal,2.0
sub-0446,0.79881483,2.38075,-0.06232120450303036,-0.4844774201000078,normal,2.0
sub-0362,0.42562702,2.3567058823529417,-0.12667188666532825,-0.9847317512586722,normal,2.0
sub-0012,0.6126295,2.4731029411764704,0.009922583013152853,0.07713694652205945,normal,0.0
sub-0410,1.1221873,2.6614999999999993,0.253354998805988,1.9695507679893725,normal,0.0
sub-0285,0.43081626,2.635279411764706,0.15246211238461926,1.1852218111013326,normal,0.0
sub-0358,1.2976627,2.373132352941176,-0.01606023249483579,-0.12485028277856752,normal,1.0
sub-0220,0.5096172,2.271426470588235,-0.20287984561699535,-1.5771631016860508,normal,2.0
sub-0099,1.1059631,2.610617647058823,0.20072033309766057,1.5603753155323046,normal,0.0
sub-0009,0.45975518,2.6856764705882363,0.20598475145146278,1.6013002598223849,normal,0.0
sub-0218,0.7912629,2.5342352941176474,0.0903484350149677,0.7023576815495701,normal,0.0
sub-0198,2.665873,2.508059701492537,0.26664219136610123,2.0728437775393194,resistant,1.0
sub-0375,0.6633861,2.3896176470588237,-0.06808068806501089,-0.5292509407575083,normal,2.0
sub-0268,0.7949555,2.4163970588235295,-0.027090976908877185,-0.2106019404705736,normal,2.0
sub-0098,0.7534316,2.0897941176470587,-0.3581787530918139,-2.7844378107955596,sensitive,2.0
sub-0136,0.49682397,2.6521029411764703,0.17641487793520128,1.3714276803675804,normal,0.0
sub-0065,1.1402202,2.176838235294117,-0.2293591024774293,-1.7830096053312865,normal,1.0
sub-0383,0.89189136,2.32925,-0.10376837035150821,-0.8066826172051341,normal,2.0
sub-0267,1.6457802,2.258058823529412,-0.09353494410857444,-0.7271292134399804,normal,1.0
sub-0031,1.0568879,2.1121029411764707,-0.3030947943469564,-2.3562218538927007,sensitive,1.0
sub-0237,0.5094348,2.376308823529412,-0.09801719299070166,-0.7619736679394687,normal,2.0
sub-0168,0.830239,2.4317205882352937,-0.007956613833833615,-0.061853742617574196,normal,2.0
sub-0240,0.8255031,2.2668823529411766,-0.17330635527518456,-1.3472624054718698,normal,2.0
sub-0434,1.1986101,2.4043676470588236,0.00447677538376734,0.03480190419280935,normal,1.0
sub-0112,0.8989682,2.3933676470588234,-0.038886381316927565,-0.30229797141571774,normal,2.0
sub-0199,0.9808051,2.4781323529411767,0.054717209976975933,0.4253648968454534,normal,2.0
sub-0075,1.4944649,2.4076323529411767,0.03969560801892991,0.3085888008049875,normal,1.0
sub-0332,0.7601865,2.411720588235295,-0.03552271201561341,-0.27614921774246287,normal,2.0
sub-0457,0.62582374,2.376411764705882,-0.08534353489030444,-0.6634502002261405,normal,2.0
sub-0069,0.735434,2.467985294117647,0.018068572572073727,0.14046287286027231,normal,0.0
sub-0366,0.49832726,2.3474705882352938,-0.12805511049741858,-0.9954847641206008,normal,2.0
sub-0330,0.60386276,2.4372794117647056,-0.026847807903542797,-0.20871157436978743,normal,2.0
sub-0328,0.5771387,2.6753088235294116,0.20829524203573513,1.6192617309839252,normal,0.0
sub-0195,0.84158224,2.4878676470588235,0.04941558424296355,0.3841507069331701,normal,2.0
sub-0277,0.5308391,2.5758529411764703,0.10383871988582483,0.8072295058791087,normal,0.0
sub-0037,1.8764566,2.4510294117647056,0.12435010528970114,0.9666825068663376,normal,1.0
sub-0084,0.81044614,2.2059705882352945,-0.23584436369369888,-1.83342523268939,normal,2.0
sub-0407,0.7498034,2.4277794117647065,-0.02058532675080693,-0.16002781197307578,normal,2.0
sub-0050,1.3511226,2.5146911764705884,0.13127258699743605,1.0204970328402352,normal,1.0
sub-0390,0.40727428,2.5091470588235296,0.023787081707836943,0.18491786334073043,normal,2.0
sub-0294,0.63361925,2.673705882352941,0.21279254548523774,1.6542232178485758,normal,0.0
sub-0035,0.49360538,2.223308823529411,-0.2527268671048404,-1.964667748983531,normal,2.0
sub-0447,0.4245994,2.3897500000000003,-0.0937387582593896,-0.7287136397159841,normal,2.0
sub-0400,1.2245572,2.1041617647058826,-0.2929266615727566,-2.277176033566183,sensitive,1.0
sub-0160,0.72791034,2.5018676470588233,0.05113832424639497,0.39754307697834396,normal,2.0
sub-0041,1.1186155,2.340897058823529,-0.06763371860238943,-0.5257762548325307,normal,1.0
sub-0138,0.42677435,2.327102941176471,-0.1561509091889759,-1.213898066210631,normal,2.0
sub-0337,0.91315347,2.217338235294118,-0.21338369721702977,-1.6588187590963723,normal,2.0
sub-0189,0.49649736,2.504205882352941,0.02848254323533439,0.22141980686318272,normal,0.0
sub-0327,0.3137797,2.6071617647058822,0.1117038014834213,0.8683716880892475,normal,0.0
sub-0126,0.61810505,2.6192647058823533,0.156675740587231,1.2179780412984353,normal,0.0
sub-0227,0.7329734,2.5648235294117647,0.11464104802626984,0.8912054834021693,normal,0.0
sub-0368,0.9366426,2.6094264705882355,0.1812415076896583,1.4089493096407049,normal,0.0
sub-0261,0.67526495,2.6091764705882357,0.1527611238714761,1.1875462898223053,normal,0.0
sub-0353,0.24654971,2.56260294117647,0.05988372810425169,0.46552877675057913,normal,0.0
sub-0279,0.38637024,2.495926470588235,0.008308729380812618,0.06459104580575979,normal,2.0
sub-0415,0.37837404,2.618,0.12951862031741745,1.0068619104312089,normal,0.0
sub-0281,0.38060063,2.5732205882352948,0.08497969388229487,0.6606217447382773,normal,0.0
sub-0229,2.2991593,2.5489264705882353,0.2679016393982514,2.0826345724739146,resistant,1.0
sub-0074,0.36276418,2.4903235294117647,0.00015618943706074973,0.0012141975771744803,normal,0.0
sub-0342,0.8219325,2.3883382352941176,-0.05223611954681617,-0.406077203351333,normal,2.0
sub-0303,0.5840214,2.4036617647058827,-0.06260844311867775,-0.4867103779603647,normal,2.0
sub-0067,0.79115355,2.348985294117647,-0.09491337545341239,-0.7378449700922705,normal,2.0
sub-0270,0.78896236,2.2200294117647057,-0.22410591971956073,-1.7421720051895522,normal,2.0
sub-0395,0.461588,2.5075441176470585,0.02805035427302771,0.2180600227395646,normal,0.0
sub-0130,0.61331224,2.3490882352941176,-0.11401838277608967,-0.8863649599174416,normal,2.0
sub-0260,0.26289135,2.419691176470589,-0.08126303959665027,-0.6317289289772243,normal,2.0
sub-0150,0.99034524,2.584426470588235,0.1620417210562164,1.259692517047932,normal,0.0
sub-0015,1.2574625,2.3109705882352944,-0.08256386451633357,-0.6418413827738985,normal,1.0
sub-0308,0.7800719,2.052470588235294,-0.39262496727011653,-3.0522184660379494,sensitive,2.0
sub-0420,0.46543398,2.5221764705882355,0.04309809656198205,0.3350393305147845,normal,0.0
sub-0369,1.0596442,2.3416617647058824,-0.07323827357021662,-0.5693453795513826,normal,1.0
sub-0338,0.5430633,2.3531029411764703,-0.1175909917962179,-0.9141379854053169,normal,2.0
sub-0300,2.0153139,2.2731176470588244,-0.038564222278932636,-0.2997935464638204,normal,1.0
sub-0107,0.56996125,2.6363088235294123,0.1685200335650201,1.310054126004226,normal,0.0
sub-0234,0.54711694,2.4267941176470593,-0.043461997428571486,-0.3378682513359252,normal,2.0
sub-0210,0.87448484,2.227235294117647,-0.20766308678770518,-1.6143474334168177,normal,2.0
sub-0309,1.6664735,2.3287352941176467,-0.02062347063671588,-0.16032433787601877,normal,1.0
sub-0208,0.51540273,2.4515588235294112,-0.02212262007293342,-0.17197854220333952,normal,2.0
sub-0311,0.6073513,2.4673529411764705,0.003602505151219404,0.028005434353808343,normal,0.0
sub-0441,1.3834653,2.331367647058823,-0.0485577331260969,-0.3774818772909337,normal,1.0
sub-0214,0.4963993,2.5924264705882356,0.11669254039125665,0.9071535340900431,normal,0.0
sub-0430,0.80406696,2.22439705882353,-0.21810688353691488,-1.6955362317632932,normal,2.0
sub-0312,1.0689389,2.3355147058823533,-0.07838144798176616,-0.6093277882660721,normal,1.0
sub-0182,0.57287216,2.4535147058823523,-0.013959688009689497,-0.10852090690908321,normal,2.0
sub-0433,0.93028986,2.4608823529411765,0.032011255292756946,0.24885158273286687,normal,2.0
sub-0307,1.4341725,2.2456617647058827,-0.1287869279415017,-1.00117382340822,normal,1.0
sub-0147,0.43238863,2.6275294117647063,0.14488193795541404,1.1262944623657858,normal,0.0
sub-0052,1.3706678,2.3870882352941174,0.005780646887059149,0.044938041757769616,normal,1.0
sub-0354,0.8344712,2.3917205882352945,-0.047499510365363484,-0.3692553830005946,normal,2.0
sub-0247,0.81359893,2.2620294117647055,-0.17944501957349468,-1.3949836307886991,normal,2.0
sub-0178,1.7646072,2.4661029411764703,0.12734321584456154,0.9899505821748366,normal,1.0
sub-0404,0.541623,2.463088235294118,-0.007761258882113431,-0.06033507712052729,normal,2.0
sub-0064,0.48792455,2.3766176470588234,-0.10003160793835608,-0.7776334833206534,normal,2.0
sub-0372,1.2918562,2.3890294117647057,-0.0007903111623663861,-0.00614378229805842,normal,1.0
sub-0108,0.6912572,2.5673529411764706,0.11266485520911473,0.8758428021878015,normal,0.0
sub-0421,0.85031974,2.6172647058823526,0.17975634647269922,1.397403848018731,normal,0.0
sub-0417,1.1616058,2.5480735294117647,0.14418596715538623,1.1208840705039593,normal,0.0
sub-0344,0.6313183,2.6600882352941175,0.19892638176232147,1.5464293573041095,normal,0.0
sub-0299,1.4239085,2.243705882352941,-0.13185138503107385,-1.0249965379497996,normal,1.0
sub-0051,0.82690245,2.537897058823529,0.0978594889604123,0.7607476960998193,normal,0.0
sub-0121,0.7844399,2.6177499999999996,0.1731262151931081,1.345862018510213,normal,0.0
sub-0200,1.0381014,2.5130735294117654,0.09584673705964519,0.7451008090416973,normal,1.0
sub-0184,0.86128396,2.267661764705882,-0.16866239192718702,-1.3111608024971158,normal,2.0
sub-0004,0.34843773,2.532102941176471,0.040388257034230435,0.3139733695186954,normal,0.0
sub-0396,0.3902594,2.624470588235294,0.13727290007957826,1.0671427327269767,normal,0.0
sub-0085,0.49062508,2.398573529411765,-0.07778405183896941,-0.6046837037309957,normal,2.0
sub-0090,0.3237927,2.563014705882353,0.06863820786233576,0.5335850314609336,normal,0.0
sub-0174,1.1199524,2.515264705882353,0.10687832182796608,0.8308589995450723,normal,0.0
sub-0007,0.4139325,2.577676470588235,0.0930356219295696,0.7232475439021107,normal,0.0
sub-0039,1.4235548,2.428558823529412,0.052963354383477323,0.41173063800944426,normal,1.0
sub-0217,1.1223845,2.3381617647058826,-0.06996193768278358,-0.5438755451542081,normal,1.0
sub-0450,0.75171596,2.571367647058824,0.12320947671344751,0.9578153998467863,normal,0.0
sub-0135,0.74444324,2.3793529411764713,-0.06959072738193939,-0.5409898016853251,normal,2.0
sub-0444,0.80653554,2.651735294117647,0.20949797348590016,1.6286116181482653,normal,0.0
sub-0193,0.5057006,2.667764705882353,0.19303537293769502,1.5006333753441872,normal,0.0
sub-0101,0.5264957,2.533323529411765,0.0608401943729624,0.47296422851972963,normal,0.0
sub-0451,0.22033328,2.3765882352941174,-0.1289625124607432,-1.0025387959816798,normal,2.0
sub-0266,0.7030936,2.5012794117647053,0.0478697293449577,0.37213342005935146,normal,0.0
sub-0060,0.3902151,2.3240441176470594,-0.16315835517943134,-1.2683730941247806,normal,2.0
sub-0111,0.45269606,2.677308823529412,0.1968546762851906,1.5303241723550827,normal,0.0
sub-0339,0.80501026,2.1841029411764707,-0.2582991190182429,-2.0079857537088937,sensitive,2.0
sub-0397,0.77192086,2.6393823529411766,0.19340643529417756,1.5035179687117006,normal,0.0
sub-0406,0.90260607,2.5798970588235295,0.1480359426435256,1.1508133089841197,normal,0.0
sub-0287,0.87248904,2.2073970588235294,-0.22771688068074747,-1.7702431739756517,normal,2.0
sub-0166,1.4526849,2.2556029411764706,-0.11684629911760158,-0.9083488356194546,normal,1.0
sub-0289,0.60355926,2.4161176470588233,-0.0480423524645075,-0.3734753710738703,normal,2.0
sub-0040,1.5575342,2.5640147058823533,0.20288983085848544,1.5772407257319112,normal,1.0
sub-0316,0.66992253,2.3128235294117645,-0.14416883131946,-1.1207508586116794,normal,2.0
sub-0115,0.6965886,2.3261176470588234,-0.12799461512142507,-0.9950144804679816,normal,2.0
sub-0385,0.61805737,2.499661764705882,0.037067649679324965,0.2881593741490858,normal,0.0
sub-0401,0.5489491,2.4573823529411767,-0.012675877655745627,-0.09854072226508837,normal,2.0
sub-0272,0.6187776,2.325147058823529,-0.13736926696076734,-1.0678918770728485,normal,2.0
sub-0169,0.50667787,2.42010294117647,-0.05452084063482232,-0.4238383456012631,normal,2.0
sub-0082,0.58802813,2.3823235294117646,-0.08351392708246674,-0.6492270529425713,normal,2.0
sub-0259,0.43593603,2.4054264705882353,-0.07683786233828993,-0.5973281422993705,normal,2.0
sub-0357,0.79069555,2.433897058823529,-0.010051077546962883,-0.07813584730925445,normal,2.0
sub-0110,1.0766361,2.2524852941176468,-0.16057951509889,-1.2483255068062395,normal,1.0
sub-0156,0.915808,2.513838235294118,0.08340300824824931,0.6483647834939869,normal,0.0
sub-0452,0.5366426,2.3584117647058824,-0.11297564311203967,-0.8782588293266838,normal,2.0
sub-0231,0.29614785,2.6427205882352944,0.14535827744170593,1.1299974672619642,normal,0.0
sub-0359,0.33673722,2.640735294117648,0.1477568833783991,1.1486439363941383,normal,0.0
sub-0384,0.6928109,2.5287647058823532,0.07424442901167527,0.5771671088710396,normal,0.0
sub-0021,1.6681281,2.3305735294117644,-0.018606528429189417,-0.14464487588574668,normal,1.0
sub-0254,0.8346633,2.268338235294118,-0.17086111533236759,-1.3282534092807923,normal,2.0
sub-0283,0.59363,2.6232205882352946,0.15798816794136394,1.2281806910012036,normal,0.0
sub-0127,0.6214037,2.5877647058823525,0.12553201494956312,0.9758705279799759,normal,0.0
sub-0058,0.48609418,2.424867647058823,-0.05197929908612409,-0.4040807125065685,normal,2.0
sub-0047,1.6041456,2.46625,0.1101594410789164,0.8563660192250849,normal,1.0
sub-0423,0.6466213,2.3271764705882356,-0.13233256540705884,-1.0287371753302696,normal,2.0
sub-0094,0.49197963,2.4556617647058827,-0.020549516865437933,-0.1597494303048138,normal,2.0
sub-0318,0.44500536,2.4953382352941174,0.014053445442043344,0.10924976571892867,normal,0.0
sub-0403,0.40227848,2.4633382352941178,-0.0225613187573952,-0.17538893211066195,normal,0.0
sub-0439,0.5237425,2.5931764705882356,0.1203957731210532,0.9359420123177787,normal,0.0
sub-0411,1.0446814,2.301808823529411,-0.11470728860378587,-0.8917204295486149,normal,1.0
sub-0032,1.2224159,2.298308823529412,-0.09901087623749216,-0.7696984399434863,normal,1.0
sub-0062,0.6829903,2.4041323529411764,-0.05144860875593871,-0.3999551907986604,normal,2.0
sub-0117,0.53201884,2.502676470588236,0.030789668428513384,0.239355115886049,normal,0.0
sub-0453,0.4012168,2.294941176470589,-0.19107304551022875,-1.4853784819731142,normal,2.0
sub-0056,1.568138,2.237632352941176,-0.12234724686910248,-0.9511125305127796,normal,1.0
sub-0298,0.83692,2.2644852941176468,-0.17447031911521504,-1.3563109179774366,normal,2.0
sub-0448,0.50030684,2.662911764705882,0.18759987271295353,1.4583784615177426,normal,0.0
sub-0363,1.2219764,2.3305441176470585,-0.06682305080620043,-0.5194742225533454,normal,1.0
sub-0116,0.6063316,2.5529117647058825,0.0890511948479209,0.6922730951813721,normal,0.0
sub-0170,0.8391925,2.435029411764706,-0.003680757577957827,-0.028613759146708218,normal,2.0
sub-0137,0.81321204,2.068823529411765,-0.37269268841122205,-2.8972673684897368,sensitive,2.0
sub-0068,0.498649,2.422705882352941,-0.05278506649320036,-0.4103446497602525,normal,2.0
sub-0018,0.75091136,2.5227647058823526,0.07451963381902127,0.5793065173777482,normal,0.0
sub-0336,0.42134798,2.4628382352941176,-0.02100169619892167,-0.16326461712855517,normal,0.0
sub-0092,0.62041736,2.5593088235294115,0.09696960184781744,0.7538298225457348,normal,0.0
sub-0432,0.6121379,2.3903823529411765,-0.07285110102694725,-0.5663355475625356,normal,2.0
sub-0265,1.1285138,2.350352941176471,-0.05710875934808479,-0.4439565090999961,normal,1.0
sub-0080,1.0850353,2.5201470588235297,0.10798941454540945,0.8394964984113321,normal,0.0
sub-0209,0.4906612,2.5750441176470584,0.09869043757710028,0.767207388996626,normal,0.0
sub-0081,0.50544256,2.592808823529412,0.11805162068753638,0.9177188580580409,normal,0.0
sub-0429,0.9394383,2.5809117647058826,0.1530287544954576,1.1896268175540825,normal,0.0
sub-0317,0.81624854,2.3198676470588246,-0.1213206102041684,-0.9431315826672809,normal,2.0
sub-0088,0.6555379,2.447308823529412,-0.011237165164962981,-0.08735634735837194,normal,0.0
sub-0340,0.3646433,2.5079117647058817,0.01794738117691974,0.13952074577959836,normal,0.0
sub-0152,0.5000878,2.4956764705882346,0.020340920936468443,0.1581278310703932,normal,0.0
sub-0365,0.8282446,2.4351029411764706,-0.0047896682830246284,-0.03723429531567656,normal,2.0
sub-0371,0.6459027,2.4185000000000008,-0.041086649187591195,-0.3194025846851263,normal,2.0
sub-0256,0.55477524,2.4410882352941172,-0.02834073657169922,-0.220317419207183,normal,2.0
sub-0223,1.579855,2.1799999999999997,-0.1787140921924788,-1.389301490742484,normal,1.0
sub-0155,1.0135685,2.340073529411765,-0.07980296609275994,-0.6203784961676856,normal,1.0
sub-0010,0.53486294,2.2916176470588234,-0.17996197491691168,-1.3990023783896608,normal,2.0
sub-0331,1.0247076,2.4951323529411757,0.07645894832215383,0.5943825110902015,normal,1.0
sub-0296,0.6928285,2.4727794117647055,0.01826103580160421,0.1419590584627587,normal,0.0
sub-0176,0.9877359,2.37725,-0.04541657420108347,-0.353062892063512,normal,2.0
sub-0188,1.0375412,2.458647058823529,0.04135976144729936,0.3215257259824817,normal,1.0
sub-0146,1.3921884,2.3731911764705877,-0.005792055596142376,-0.0450267316665602,normal,1.0
sub-0435,0.43309885,2.6637794117647062,0.18120864605649034,1.4086938473243964,normal,0.0
sub-0376,0.89607173,2.412970588235294,-0.01959627660454588,-0.15233905712581042,normal,0.0
sub-0380,0.9995929,2.3245147058823536,-0.09687123984520829,-0.7530651683699984,normal,2.0
sub-0124,0.7229723,2.340044117647058,-0.11121854366814388,-0.8645993531945046,normal,2.0
sub-0349,0.8513311,2.5527352941176473,0.11533616776972844,0.8966092592543357,normal,0.0
sub-0083,1.1886065,2.3418088235294117,-0.059162498090632454,-0.4599220228522303,normal,1.0
sub-0033,0.9152425,2.1867647058823527,-0.24373159862002103,-1.894739632167042,normal,2.0
sub-0148,0.53426194,2.49475,0.023105466350773263,0.17961906893641655,normal,0.0
sub-0262,0.5180873,2.412411764705883,-0.060979728927568644,-0.4740489530780769,normal,2.0
sub-0027,1.1403954,2.4237352941176473,0.017556879016975557,0.13648502975803078,normal,1.0
sub-0284,0.90249217,2.4221470588235294,-0.009726359252665073,-0.07561152701193045,normal,2.0
sub-0381,0.5181029,2.498205882352941,0.02481607361484084,0.19291712054996482,normal,2.0
sub-0269,1.6674222,2.111382352941176,-0.23787394641444903,-1.8492029604831586,normal,1.0
sub-0399,1.3174478,2.2189117647058825,-0.1681439089976946,-1.3071301796288723,normal,1.0
sub-0325,0.77124214,2.3829999999999996,-0.06304922355553844,-0.490136951156177,normal,0.0
sub-0293,0.34232134,2.4526911764705885,-0.039684115176852774,-0.30849945685658714,normal,2.0
sub-0222,1.4378903,2.504911764705883,0.13086461718280118,1.0173255254079074,normal,1.0
sub-0250,0.3983192,2.5877647058823534,0.10143752539053974,0.7885629136090974,normal,0.0
sub-0086,0.5291374,2.4987794117647057,0.02658139647276192,0.2066405244968124,normal,0.0
sub-0211,0.64412755,2.5840735294117643,0.12429515317392603,0.9662553158405534,normal,0.0
sub-0370,0.90231824,2.6198823529411763,0.18799014936186964,1.4614124244441644,normal,0.0
sub-0356,0.70565337,2.310691176470588,-0.1424420351430813,-1.107326956374202,normal,2.0
sub-0113,0.7289948,2.384808823529412,-0.0658033709744732,-0.5115473562781725,normal,2.0
sub-0139,1.8211801,2.3919117647058825,0.059262258364417786,0.46069754701704096,normal,1.0
sub-0125,0.5310552,2.4900294117647057,0.01803853059492777,0.14022933020495235,normal,0.0
sub-0095,1.3215946,2.5294411764705877,0.14283338251348932,1.110369242958525,normal,0.0
sub-0329,1.9948624,2.4281176470588233,0.11422689071539605,0.8879858751309919,normal,1.0
sub-0232,0.4246995,2.5830294117647057,0.09955146491715672,0.7739009102093913,normal,0.0
sub-0001,0.52349895,2.3985882352941172,-0.07421876706171515,-0.5769676160112535,normal,2.0
sub-0096,2.1613653,2.5580882352941177,0.2621808098660936,2.0381615435157374,resistant,1.0
sub-0323,0.5698637,2.4358529411764707,-0.03194638478417655,-0.24834728733472033,normal,2.0
sub-0275,0.43347666,2.5255441176470583,0.04301415772813,0.33438680028859374,normal,0.0
sub-0346,0.5925662,2.6054411764705883,0.14009385927439455,1.0890725244216406,normal,0.0
sub-0177,0.49216312,2.466867647058823,-0.009323816470951929,-0.07248220866965127,normal,2.0
sub-0034,1.2698872,2.4889411764705884,0.09674866726243403,0.7521123041057275,normal,1.0
sub-0424,0.34690616,2.2968382352941177,-0.19504186776953603,-1.5162316207138968,normal,2.0
sub-0213,0.3772315,2.386705882352941,-0.1018988986331868,-0.7921495727579869,normal,2.0
sub-0145,0.4599844,2.542073529411765,0.06240656743605255,0.48514102109894186,normal,0.0
sub-0292,1.1380289,2.3668676470588235,-0.03956636450660245,-0.3075840775504129,normal,1.0
sub-0409,0.5994441,2.4878235294117643,0.02321906745534763,0.18050219002663914,normal,0.0
sub-0373,1.2722698,2.3041470588235295,-0.08778811502146322,-0.6824540671221014,normal,1.0
sub-0014,0.75722253,2.6157352941176466,0.16817186699006914,1.3073475216415151,normal,0.0
sub-0416,0.5906014,2.6175000000000006,0.15194047239436337,1.181166645628915,normal,0.0
sub-0378,1.0503665,2.4127058823529417,-0.003196204231227906,-0.024846900704279962,normal,1.0
sub-0437,1.4180683,2.677132352941176,0.3009443082601164,2.339504238120972,resistant,0.0
sub-0165,1.2796385,2.458367647058824,0.06722833785352433,0.5226248744807821,normal,1.0
sub-0202,1.2157435,2.50975,0.11170964024939645,0.8684170779416864,normal,0.0
sub-0181,0.40740827,2.4887499999999996,0.003404494623293619,0.026466124732193754,normal,0.0
sub-0142,0.3227935,2.402691176470588,-0.09179324125683808,-0.7135894285317951,normal,2.0
sub-0072,0.6978849,2.4733088235294116,0.019336569672535386,0.15032012720611998,normal,2.0
sub-0204,1.2261347,2.509985294117647,0.11306724748115826,0.8789709504863208,normal,1.0
sub-0345,0.53259057,2.4902499999999996,0.01842494817486129,0.14323329320118064,normal,2.0
sub-0192,0.4479638,2.504529411764706,0.023564151515500065,0.183184831296388,normal,0.0
sub-0161,0.5515737,2.4095441176470596,-0.06023064010752455,-0.4682256282265317,normal,2.0
sub-0183,0.7862491,2.4725441176470584,0.028115737498537463,0.2185683039363961,normal,0.0
sub-0164,0.5407247,2.221985294117647,-0.24896122194926207,-1.9353940841926334,normal,2.0
sub-0286,0.46954334,2.260573529411764,-0.21806100861685485,-1.6951796057465913,normal,2.0
sub-0017,0.33053902,2.456264705882352,-0.03738314834214451,-0.2906120221591249,normal,0.0
sub-0157,0.92893,2.2772058823529413,-0.15181208848734862,-1.1801686048408866,normal,2.0
sub-0233,0.6041128,2.269823529411765,-0.19427668440816426,-1.5102831788669036,normal,2.0
sub-0053,1.2303855,2.2382058823529407,-0.15825305190139005,-1.2302398665033856,normal,1.0
sub-0011,1.7277666,2.368794117647059,0.02605538233441118,0.20255135493219167,normal,1.0
sub-0246,0.82296354,2.5093970588235295,0.06893406260461976,0.5358849700357591,normal,0.0
sub-0212,0.56605524,2.4066470588235296,-0.061563604095561164,-0.4785879272090361,normal,2.0
sub-0273,1.6019373,2.240632352941177,-0.11569671587769514,-0.8994121161400838,normal,1.0
sub-0379,0.44775358,2.6486911764705887,0.16770321117645537,1.3037042486767985,normal,0.0
sub-0003,0.7064322,2.3478382352941174,-0.10521085791911089,-0.8178963390972471,normal,2.0
sub-0405,0.64995295,2.256147058823529,-0.2030021386077263,-1.578113792435983,normal,2.0
sub-0253,0.8289563,2.5806323529411763,0.1408166114318039,1.0946911112796076,normal,0.0
sub-0425,1.112981,2.3241617647058823,-0.08497757315978172,-0.6606052585008829,normal,1.0
sub-0114,1.2073194,2.4118823529411766,0.012932138899960588,0.10053286582937179,normal,1.0
sub-0054,0.42558503,2.631426470588235,0.14804416639330942,1.150877239408934,normal,0.0
sub-0305,1.1471823,2.5295147058823533,0.12406931746523941,0.9644996966675377,normal,0.0
sub-0122,1.2548388,2.3118235294117646,-0.08199429897670063,-0.6374136499433203,normal,1.0
sub-0438,0.64918196,2.3748235294117643,-0.08440893965201202,-0.6561847711719949,normal,2.0
sub-0197,0.5322548,2.405558823529411,-0.06630249350805384,-0.5154274737969405,normal,2.0
sub-0290,0.6190874,2.299588235294118,-0.16289463019658834,-1.26632292836944,normal,2.0
sub-0201,0.52605635,2.262382352941176,-0.21014843458306487,-1.6336682231471986,normal,2.0
sub-0057,0.6565434,2.6136323529411762,0.15519496439271752,1.2064666683045369,normal,0.0
sub-0144,0.28391588,2.5996323529411764,0.1009489146221374,0.7847645132669291,normal,0.0
sub-0102,0.5189157,2.5804705882352947,0.10716856686527088,0.8331153289596204,normal,0.0
sub-0025,0.30889836,2.668823529411765,0.17283835163309735,1.3436242024088243,normal,0.0
sub-0207,0.5548481,2.4840294117647055,0.014608309224231064,0.11356320888558262,normal,0.0
sub-0315,1.0902305,2.3869264705882354,-0.024670060335272304,-0.1917820311762913,normal,1.0
sub-0103,0.66676253,2.6095147058823525,0.15218104583626513,1.1830368341370892,normal,0.0
sub-0022,0.46104458,2.4508382352941176,-0.028714220761458353,-0.22322083961032763,normal,2.0
sub-0431,0.72111607,2.511176470588236,0.05971332508720195,0.4642040845413087,normal,0.0
sub-0244,0.46254194,2.434382352941176,-0.04500837908208899,-0.34988963314265387,normal,2.0
sub-0133,0.46841195,2.497941176470588,0.01918444140657538,0.14913750067628442,normal,2.0
sub-0322,1.0884378,2.411132352941177,-0.0006578005398480968,-0.005113660928527038,normal,1.0
sub-0167,0.9282561,2.482338235294118,0.053247479134750364,0.4139393890690716,normal,0.0
sub-0348,0.5579326,2.7147205882352945,0.2456326305482044,1.9095180218249224,normal,0.0
sub-0442,0.45660865,2.6934558823529415,0.213424318743638,1.659134545875027,normal,0.0
sub-0131,0.59250784,2.557426470588236,0.09207285015532873,0.7157630739043165,normal,0.0
sub-0333,1.1390129,2.4601029411764697,0.05377520762554555,0.41804188579988,normal,0.0
sub-0221,0.6193267,2.3266764705882355,-0.13578054903979764,-1.0555413783019103,normal,2.0
sub-0059,0.45173284,2.596676470588235,0.11611828969652604,0.9026893794368672,normal,0.0
sub-0278,0.40153846,2.3351323529411765,-0.15084712779355947,-1.172667118450293,normal,2.0
sub-0109,0.5028897,2.4640588235294114,-0.010974103796306256,-0.08531134045853594,normal,2.0
sub-0091,0.62673175,2.6330882352941174,0.17143100632795916,1.3326836721661834,normal,0.0
sub-0295,0.8745696,2.412485294117647,-0.022403932189626552,-0.17416542818581016,normal,0.0
sub-0038,0.50127923,2.5500147058823526,0.07480783795296198,0.5815469810592061,normal,0.0
sub-0049,0.54836625,2.5601029411764706,0.08998175921699492,0.699507188751307,normal,0.0
sub-0249,0.63676065,2.5180882352941176,0.05751418882758852,0.4471082682777753,normal,0.0
sub-0313,0.69857484,2.602529411764706,0.14863167564494928,1.1554444644616129,normal,0.0
sub-0341,0.58828187,2.454720588235294,-0.011089462788003157,-0.08620812714820808,normal,2.0
sub-0205,0.7121033,2.4296323529411765,-0.022804226808596617,-0.17727726958594073,normal,2.0
sub-0230,0.54386985,2.4886617647058817,0.018054944063067957,0.14035692649842682,normal,0.0
sub-0374,1.7088802,2.3158970588235293,-0.02888152312843051,-0.22452142774519515,normal,1.0
sub-0224,0.42132747,2.6495588235294116,0.1657166768310092,1.2882611736865675,normal,0.0
sub-0314,0.35911226,2.5298970588235297,0.03933528916720119,0.30578772612918537,normal,0.0
sub-0134,0.53934383,2.192426470588235,-0.2786691878789638,-2.16634017717678,sensitive,2.0
sub-0132,0.45514634,2.666661764705882,0.1864722626785036,1.4496125590496247,normal,0.0
sub-0061,0.25621128,2.710808823529412,0.2091331190715917,1.6257752845638003,normal,0.0
sub-0440,0.9290898,2.2237647058823526,-0.2052360055811917,-1.595479601020419,normal,2.0
sub-0216,1.2232375,2.3242352941176465,-0.07299566782739308,-0.5674593921844524,normal,1.0
sub-0263,1.0418059,2.393970588235294,-0.02285609547381684,-0.17768049024430752,normal,1.0
sub-0454,0.7933964,2.330720588235294,-0.11293583982679678,-0.8779494034563118,normal,2.0
sub-0151,0.5175864,2.6082941176470587,0.13484852375195633,1.0482959277281951,normal,0.0
sub-0456,0.31066766,2.3491323529411767,-0.14666172962300106,-1.1401303450690141,normal,2.0
sub-0078,0.87512153,2.416411764705882,-0.01841784978783112,-0.14317811120874502,normal,2.0
sub-0104,0.78791,2.5649558823529413,0.12070688955633635,0.9383605934270279,normal,0.0
sub-0106,1.2701102,2.4674558823529407,0.07528745850782848,0.5852754925811129,normal,1.0
sub-0120,1.227489,2.442911764705882,0.04613999074727859,0.3586866437986289,normal,1.0
sub-0191,0.6077862,2.5999411764705886,0.13623771230357606,1.0590953095900857,normal,0.0
sub-0028,1.1735858,2.3360147058823526,-0.0665789431486914,-0.5175765594853782,normal,1.0
sub-0186,1.1654642,2.237529411764706,-0.1659414197079805,-1.29000829731951,normal,1.0
sub-0123,0.66537905,2.342205882352941,-0.11527720198938907,-0.896150866491214,normal,2.0
sub-0070,0.33455434,2.4749852941176465,-0.01822888100401654,-0.1417090909997811,normal,2.0
sub-0079,0.31605524,2.582602941176471,0.08739075018278974,0.6793650014756022,normal,0.0
sub-0002,0.46505326,2.4538382352941177,-0.025281258819210173,-0.1965334134229688,normal,2.0
sub-0077,0.5122746,2.5251911764705888,0.05117187570818027,0.3978039019379375,normal,0.0
sub-0180,1.3867319,2.341705882352941,-0.037866685065544914,-0.29437097749615226,normal,1.0
sub-0382,0.84964013,2.2615294117647062,-0.17605234967892613,-1.3686094300511056,normal,2.0
sub-0367,0.82660866,2.581352941176471,0.14128364019762207,1.0983217357737967,normal,0.0
sub-0228,0.7520854,2.40329411764706,-0.044824150920188544,-0.3484574659485337,normal,2.0
sub-0087,0.5712947,2.6468088235294114,0.17916405431546334,1.3927994412430378,normal,0.0
sub-0016,0.5305032,2.36675,-0.1053005005437666,-0.8185932098954051,normal,2.0
sub-0119,0.37834913,2.6530147058823523,0.16453063576751292,1.2790410355464676,normal,0.0
sub-0045,0.96882147,2.59710294117647,0.17239349292474726,1.3401659252293452,normal,0.0
sub-0387,1.3048573,2.610882352941177,0.2224668282807074,1.7294299088527452,normal,0.0
sub-0274,0.43780297,2.4886617647058817,0.006599072710650855,0.051300383992949866,normal,2.0
sub-0389,0.81574893,2.412191176470589,-0.02905104172616957,-0.22583924458693475,normal,2.0
sub-0044,0.6902012,2.4322058823529416,-0.02259625806900134,-0.17566054604498813,normal,2.0
sub-0264,0.55667937,2.571014705882352,0.1017913916951465,0.7913138269729088,normal,0.0
sub-0143,0.6829431,2.4638382352941175,0.008252175708501674,0.06415140447538314,normal,2.0
sub-0258,0.77931446,2.662470588235294,0.2172932245801844,1.6892109465679683,normal,0.0
sub-0153,0.4341865,2.604014705882353,0.12156141302217849,0.9450035543172653,normal,0.0
sub-0006,0.35720295,2.698264705882353,0.20749671907575218,1.613054111175737,normal,0.0
sub-0350,0.4051105,2.4746764705882356,-0.0109172079931259,-0.08486903944463309,normal,0.0
sub-0280,0.9644267,2.302044117647059,-0.1231399926268093,-0.9572752390571941,normal,2.0
sub-0173,0.6829386,2.5533088235294117,0.09772227791629051,0.7596810342277414,normal,0.0
sub-0455,0.57433635,2.5462941176470584,0.07897786522458272,0.6139642629524543,normal,0.0
sub-0418,1.0270649,2.337147058823529,-0.08127174298697204,-0.6317965880689065,normal,1.0
sub-0413,0.6939689,2.580455882352941,0.1260606765603045,0.9799802786710982,normal,0.0
sub-0419,0.4187539,2.7116617647058825,0.2275416567170523,1.7688810043169059,normal,0.0
sub-0428,1.4141284,2.2485,-0.12811357796290412,-0.9959392830450039,normal,1.0
sub-0019,1.1168046,2.376470588235295,-0.032255777459385016,-0.2507524681440153,normal,1.0
sub-0023,1.6035495,2.2995,-0.0566549413646249,-0.44042858361179493,normal,1.0
sub-0159,0.83478916,2.5137647058823536,0.07457894890516181,0.5797676256014345,normal,0.0
sub-0026,0.44855517,2.4246029411764707,-0.05629844749810564,-0.4376572439031035,normal,2.0
sub-0321,0.6575342,2.610985294117647,0.15265491802525366,1.186720658565854,normal,0.0
sub-0301,1.4822078,2.3767941176470586,0.007533531005759819,0.05856474846753942,normal,1.0
sub-0063,0.8235648,2.403323529411764,-0.037074527052065154,-0.2882128380034606,normal,2.0
sub-0163,1.2082007,2.605897058823529,0.20704203056908144,1.609519418346585,normal,0.0
sub-0042,0.9718437,2.195514705882353,-0.2288683230565982,-1.779194346150427,normal,2.0
sub-0020,0.42663148,2.400897058823529,-0.08237222237518171,-0.6403515802120243,normal,2.0
sub-0162,0.83141255,2.5424117647058826,0.10286131320984282,0.7996312659454556,normal,0.0
sub-0071,0.63236153,2.485029411764706,0.023980233449442778,0.18641940135186544,normal,0.0
sub-0402,1.2431344,2.2598382352941178,-0.13524373983513271,-1.0513682892123155,normal,1.0
sub-0203,0.7124804,2.3720588235294113,-0.08033702711541402,-0.6245302212265111,normal,2.0
sub-0343,0.8662527,2.4137794117647062,-0.02200809057794162,-0.17108820391958113,normal,2.0
sub-0377,1.3106766,2.6470294117647053,0.2592424070735335,2.015318759659001,resistant,0.0
sub-0190,1.9075309,2.4841176470588233,0.16079455491921157,1.2499972000637616,normal,1.0
sub-0361,0.26558673,2.6203088235294114,0.11964572497713899,0.9301112297998206,normal,0.0
sub-0408,0.52253723,2.6283235294117646,0.1554126554176123,1.208158971702088,normal,0.0
sub-0255,0.80986696,2.275220588235294,-0.16665691867382026,-1.2955704987534926,normal,2.0
sub-0302,0.67229265,2.581161764705883,0.12442539142153919,0.9672677720455501,normal,0.0
sub-0288,1.048683,2.2254705882352948,-0.19061332663892916,-1.4818046837046983,normal,1.0
sub-0351,0.5929709,2.126397058823529,-0.33890654829901745,-2.6346180482908244,sensitive,2.0
sub-0388,0.8049626,2.2730735294117648,-0.16933367835426072,-1.3163793010632179,normal,2.0
sub-0394,0.63172185,2.465823529411764,0.004705261746586142,0.03657812922679607,normal,0.0
sub-0185,0.74921066,2.2073676470588235,-0.24106111099969363,-1.8739795880853791,normal,2.0
sub-0206,0.50661707,2.4195588235294117,-0.05507152505350854,-0.42811929890731487,normal,2.0
sub-0271,1.0512805,2.306676470588235,-0.1091268984092939,-0.8483391588216121,normal,1.0
sub-0355,0.67066914,2.47925,0.022338277712278476,0.17365503831037304,normal,2.0
sub-0140,0.9144378,2.561838235294118,0.13125501827317798,1.020360455727022,normal,0.0
sub-0241,0.500255,2.445264705882353,-0.030052785147437255,-0.23362667540134283,normal,2.0
sub-0426,0.4797093,2.321808823529412,-0.1557277286818266,-1.2106083127154088,normal,2.0
sub-0097,0.4609483,2.4665882352941173,-0.01297461958995072,-0.10086310551672036,normal,0.0
sub-0013,0.66526055,2.3251323529411767,-0.1323635301254602,-1.028977891263231,normal,2.0
sub-0141,0.57748544,2.5862058823529415,0.11922975089864352,0.9268774981993961,normal,0.0
sub-0243,0.3160919,2.3339705882352937,-0.161237643254311,-1.253441714578155,normal,2.0
sub-0282,1.2466872,2.40710294117647,0.012404690162993504,0.09643254387060098,normal,1.0
sub-0291,1.2379504,2.2617941176470593,-0.1338477611683455,-1.0405161218257428,normal,1.0
sub-0076,0.40512034,2.5641176470588243,0.07852503125760757,0.6104439870880315,normal,0.0
sub-0129,2.5444338,2.488151515151515,0.2336178291524562,1.8161164255360858,normal,1.0
sub-0326,0.8323424,2.3832941176470586,-0.05615590436546025,-0.43654913102711357,normal,2.0
sub-0238,1.1443663,2.3577794117647057,-0.04797012186464045,-0.37291385922641934,normal,1.0
sub-0398,1.5475689,2.348558823529412,-0.013642364805342755,-0.10605407513640298,normal,1.0
sub-0310,1.3367462,2.565485294117647,0.18051396557164834,1.403293486214981,normal,0.0
sub-0386,0.4667799,2.521470588235294,0.042537581795705215,0.3306819572891025,normal,0.0
sub-0046,0.7907331,2.334764705882353,-0.1091793748586225,-0.8487471043192878,normal,2.0
sub-0392,0.58927107,2.558764705882353,0.09306149450534162,0.7234486741411894,normal,0.0
sub-0158,0.9125722,2.177691176470589,-0.2530935367534548,-1.9675181939774342,normal,2.0
sub-0239,0.4246189,2.5091176470588237,0.02563099491862353,0.19925221907685509,normal,0.0
sub-0055,0.3567661,2.572955882352941,0.08214071307618243,0.6385518552419674,normal,0.0
sub-0043,0.47475016,2.545147058823529,0.06707488918054727,0.5214319832683203,normal,0.0
sub-0449,0.888983,2.3019705882352945,-0.13136190277297777,-1.0211913627533609,normal,2.0
sub-0066,1.3546394,2.3569117647058824,-0.02612698887153897,-0.2031080153922452,normal,1.0
sub-0005,0.38859373,2.6354705882352945,0.14809299753850658,1.151256846758219,normal,0.0
sub-0073,0.3958141,2.289014705882353,-0.197583040721379,-1.5359863883817286,normal,2.0
sub-0443,0.6573524,2.464588235294118,0.006238223690508526,0.04849518785275538,normal,2.0
sub-0236,0.4685865,2.586926470588235,0.10818858799112441,0.8410448484135808,normal,0.0
sub-0105,0.3288888,2.668441176470588,0.17461508839945417,1.3574363366835964,normal,0.0
sub-0304,1.2747235,2.253544117647059,-0.13812604160018704,-1.0737749505440188,normal,1.0
sub-0422,1.0161892,2.3135441176470595,-0.10604932623896524,-0.8244144892465894,normal,1.0
